{"base_lr": 0.00019623423423423421, "lr": 6.132319819819819e-06, "data_time": 0.03063811779022217, "loss": 6.064622898101806, "loss_cls": 5.528219366073609, "loss_bbox": 0.5364035321469419, "time": 0.278245120048523, "epoch": 1, "iter": 50, "memory": 6706, "step": 50}
{"base_lr": 0.0003964324324324318, "lr": 1.2388513513513495e-05, "data_time": 0.0028565120697021484, "loss": 5.977938375473022, "loss_cls": 4.971980786323547, "loss_bbox": 1.0059576055407524, "time": 0.16782840728759765, "epoch": 1, "iter": 100, "memory": 4892, "step": 100}
{"base_lr": 0.0005966306306306299, "lr": 1.8644707207207183e-05, "data_time": 0.00309664249420166, "loss": 4.66940806388855, "loss_cls": 3.1889556503295897, "loss_bbox": 1.4804524153470993, "time": 0.16796245098114013, "epoch": 1, "iter": 150, "memory": 4897, "step": 150}
{"base_lr": 0.000796828828828828, "lr": 2.4900900900900876e-05, "data_time": 0.0030316972732543947, "loss": 4.256162242889404, "loss_cls": 2.80444002866745, "loss_bbox": 1.451722214818001, "time": 0.16865847110748292, "epoch": 1, "iter": 200, "memory": 4863, "step": 200}
{"base_lr": 0.000997027027027025, "lr": 3.1157094594594534e-05, "data_time": 0.0033255577087402343, "loss": 3.259581141471863, "loss_cls": 1.7752027380466462, "loss_bbox": 1.484378399848938, "time": 0.17002617359161376, "epoch": 1, "iter": 250, "memory": 4823, "step": 250}
{"base_lr": 0.0011972252252252223, "lr": 3.7413288288288196e-05, "data_time": 0.0033211708068847656, "loss": 2.8084431314468383, "loss_cls": 1.4119112992286682, "loss_bbox": 1.3965318346023559, "time": 0.16862406730651855, "epoch": 1, "iter": 300, "memory": 4875, "step": 300}
{"base_lr": 0.0013974234234234197, "lr": 4.3669481981981864e-05, "data_time": 0.0031448793411254883, "loss": 2.5021553874015807, "loss_cls": 1.1710188019275665, "loss_bbox": 1.3311366021633149, "time": 0.16875163555145264, "epoch": 1, "iter": 350, "memory": 4869, "step": 350}
{"base_lr": 0.0015976216216216166, "lr": 4.992567567567552e-05, "data_time": 0.003093385696411133, "loss": 2.274498658180237, "loss_cls": 0.9956809556484223, "loss_bbox": 1.2788177037239075, "time": 0.1696898126602173, "epoch": 1, "iter": 400, "memory": 5045, "step": 400}
